frame_id,filename,objects
1,data/Test/1000.jpg,"[{'class_id': 0, 'name': 'Bird', 'relative_coordinates': {'center_x': 0.49557599999999996, 'center_y': 0.5020359999999999, 'width': 0.6765639999999999, 'height': 0.8596239999999999}, 'confidence': 0.960325}]"
2,data/Test/1001.jpg,"[{'class_id': 0, 'name': 'Bird', 'relative_coordinates': {'center_x': 0.35234899999999997, 'center_y': 0.496141, 'width': 0.240092, 'height': 0.290609}, 'confidence': 0.935245}]"
3,data/Test/1002.jpg,"[{'class_id': 0, 'name': 'Bird', 'relative_coordinates': {'center_x': 0.502085, 'center_y': 0.5787, 'width': 0.881172, 'height': 0.7175699999999999}, 'confidence': 0.9432619999999999}]"
4,data/Test/1003.jpg,"[{'class_id': 0, 'name': 'Bird', 'relative_coordinates': {'center_x': 0.50772, 'center_y': 0.574828, 'width': 0.420987, 'height': 0.789268}, 'confidence': 0.8457399999999999}]"
5,data/Test/1004.jpg,"[{'class_id': 0, 'name': 'Bird', 'relative_coordinates': {'center_x': 0.573614, 'center_y': 0.49605299999999997, 'width': 0.289342, 'height': 0.956827}, 'confidence': 0.913376}]"
6,data/Test/1005.jpg,"[{'class_id': 0, 'name': 'Bird', 'relative_coordinates': {'center_x': 0.490541, 'center_y': 0.5653819999999999, 'width': 0.760799, 'height': 0.69397}, 'confidence': 0.858877}]"
7,data/Test/1006.jpg,"[{'class_id': 0, 'name': 'Bird', 'relative_coordinates': {'center_x': 0.40165999999999996, 'center_y': 0.655403, 'width': 0.32176299999999997, 'height': 0.33431099999999997}, 'confidence': 0.869467}]"
8,data/Test/1007.jpg,"[{'class_id': 0, 'name': 'Bird', 'relative_coordinates': {'center_x': 0.677804, 'center_y': 0.577839, 'width': 0.384289, 'height': 0.832915}, 'confidence': 0.9232079999999999}]"
9,data/Test/1008.jpg,"[{'class_id': 0, 'name': 'Bird', 'relative_coordinates': {'center_x': 0.501253, 'center_y': 0.559595, 'width': 0.477718, 'height': 0.556402}, 'confidence': 0.952232}]"
10,data/Test/1009.jpg,"[{'class_id': 0, 'name': 'Bird', 'relative_coordinates': {'center_x': 0.709571, 'center_y': 0.481155, 'width': 0.384754, 'height': 0.5616479999999999}, 'confidence': 0.8464119999999999}]"
11,data/Test/1010.jpg,[]
12,data/Test/1011.jpg,"[{'class_id': 0, 'name': 'Bird', 'relative_coordinates': {'center_x': 0.5882299999999999, 'center_y': 0.505388, 'width': 0.583785, 'height': 0.9598279999999999}, 'confidence': 0.968476}]"
13,data/Test/1012.jpg,"[{'class_id': 0, 'name': 'Bird', 'relative_coordinates': {'center_x': 0.437677, 'center_y': 0.560616, 'width': 0.48660699999999996, 'height': 0.687472}, 'confidence': 0.931643}]"
14,data/Test/1013.jpg,"[{'class_id': 0, 'name': 'Bird', 'relative_coordinates': {'center_x': 0.581647, 'center_y': 0.432749, 'width': 0.5839219999999999, 'height': 0.673125}, 'confidence': 0.8924749999999999}]"
15,data/Test/1014.jpg,"[{'class_id': 0, 'name': 'Bird', 'relative_coordinates': {'center_x': 0.421691, 'center_y': 0.483879, 'width': 0.8249989999999999, 'height': 0.5488109999999999}, 'confidence': 0.727061}]"
16,data/Test/1015.jpg,"[{'class_id': 0, 'name': 'Bird', 'relative_coordinates': {'center_x': 0.589645, 'center_y': 0.577866, 'width': 0.725128, 'height': 0.8888429999999999}, 'confidence': 0.8867689999999999}]"
17,data/Test/1016.jpg,"[{'class_id': 0, 'name': 'Bird', 'relative_coordinates': {'center_x': 0.472952, 'center_y': 0.58505, 'width': 0.238508, 'height': 0.5682039999999999}, 'confidence': 0.738061}]"
18,data/Test/1017.jpg,"[{'class_id': 0, 'name': 'Bird', 'relative_coordinates': {'center_x': 0.6573359999999999, 'center_y': 0.600227, 'width': 0.43184799999999995, 'height': 0.41769}, 'confidence': 0.82053}]"
19,data/Test/1018.jpg,"[{'class_id': 0, 'name': 'Bird', 'relative_coordinates': {'center_x': 0.506775, 'center_y': 0.42333, 'width': 0.6572749999999999, 'height': 0.761809}, 'confidence': 0.8869849999999999}]"
20,data/Test/1019.jpg,"[{'class_id': 0, 'name': 'Bird', 'relative_coordinates': {'center_x': 0.41622, 'center_y': 0.575303, 'width': 0.616329, 'height': 0.7787229999999999}, 'confidence': 0.8642029999999999}]"
21,data/Test/1020.jpg,"[{'class_id': 0, 'name': 'Bird', 'relative_coordinates': {'center_x': 0.281862, 'center_y': 0.586073, 'width': 0.502185, 'height': 0.60576}, 'confidence': 0.9469879999999999}]"
22,data/Test/1021.jpg,"[{'class_id': 0, 'name': 'Bird', 'relative_coordinates': {'center_x': 0.487735, 'center_y': 0.484485, 'width': 0.842822, 'height': 0.639026}, 'confidence': 0.680929}]"
23,data/Test/1022.jpg,"[{'class_id': 0, 'name': 'Bird', 'relative_coordinates': {'center_x': 0.483417, 'center_y': 0.585553, 'width': 0.265754, 'height': 0.924024}, 'confidence': 0.947836}]"
24,data/Test/1023.jpg,"[{'class_id': 0, 'name': 'Bird', 'relative_coordinates': {'center_x': 0.514384, 'center_y': 0.517952, 'width': 0.371897, 'height': 0.871587}, 'confidence': 0.700708}]"
25,data/Test/1024.jpg,"[{'class_id': 0, 'name': 'Bird', 'relative_coordinates': {'center_x': 0.399729, 'center_y': 0.6549039999999999, 'width': 0.302147, 'height': 0.400389}, 'confidence': 0.78026}]"
26,data/Test/1025.jpg,"[{'class_id': 0, 'name': 'Bird', 'relative_coordinates': {'center_x': 0.590274, 'center_y': 0.6000719999999999, 'width': 0.5602469999999999, 'height': 0.520614}, 'confidence': 0.841062}]"
27,data/Test/1026.jpg,"[{'class_id': 0, 'name': 'Bird', 'relative_coordinates': {'center_x': 0.45055999999999996, 'center_y': 0.47977699999999995, 'width': 0.323935, 'height': 0.42935599999999996}, 'confidence': 0.547194}]"
28,data/Test/1027.jpg,"[{'class_id': 0, 'name': 'Bird', 'relative_coordinates': {'center_x': 0.353033, 'center_y': 0.423703, 'width': 0.478805, 'height': 0.48561699999999997}, 'confidence': 0.780243}]"
29,data/Test/1028.jpg,"[{'class_id': 0, 'name': 'Bird', 'relative_coordinates': {'center_x': 0.43889, 'center_y': 0.513496, 'width': 0.332331, 'height': 0.572682}, 'confidence': 0.835648}]"
30,data/Test/1029.jpg,[]
31,data/Test/1030.jpg,"[{'class_id': 0, 'name': 'Bird', 'relative_coordinates': {'center_x': 0.440179, 'center_y': 0.517317, 'width': 0.730174, 'height': 0.899894}, 'confidence': 0.909067}]"
32,data/Test/1031.jpg,"[{'class_id': 0, 'name': 'Bird', 'relative_coordinates': {'center_x': 0.5709879999999999, 'center_y': 0.514691, 'width': 0.407408, 'height': 0.8234079999999999}, 'confidence': 0.587869}]"
33,data/Test/1032.jpg,"[{'class_id': 0, 'name': 'Bird', 'relative_coordinates': {'center_x': 0.34169099999999997, 'center_y': 0.488006, 'width': 0.37236199999999997, 'height': 0.632467}, 'confidence': 0.47287399999999996}]"
34,data/Test/1033.jpg,"[{'class_id': 0, 'name': 'Bird', 'relative_coordinates': {'center_x': 0.349966, 'center_y': 0.5492119999999999, 'width': 0.5701229999999999, 'height': 0.59464}, 'confidence': 0.9646849999999999}]"
35,data/Test/1034.jpg,[]
36,data/Test/1035.jpg,"[{'class_id': 0, 'name': 'Bird', 'relative_coordinates': {'center_x': 0.48654899999999995, 'center_y': 0.48889499999999997, 'width': 0.550959, 'height': 0.76821}, 'confidence': 0.727613}]"
37,data/Test/1036.jpg,"[{'class_id': 0, 'name': 'Bird', 'relative_coordinates': {'center_x': 0.590549, 'center_y': 0.5760379999999999, 'width': 0.383752, 'height': 0.5070129999999999}, 'confidence': 0.844679}]"
38,data/Test/1037.jpg,"[{'class_id': 0, 'name': 'Bird', 'relative_coordinates': {'center_x': 0.350809, 'center_y': 0.414454, 'width': 0.396183, 'height': 0.568869}, 'confidence': 0.879301}]"
39,data/Test/1038.jpg,"[{'class_id': 0, 'name': 'Bird', 'relative_coordinates': {'center_x': 0.34731, 'center_y': 0.640635, 'width': 0.530169, 'height': 0.444874}, 'confidence': 0.906886}]"
40,data/Test/1039.jpg,"[{'class_id': 0, 'name': 'Bird', 'relative_coordinates': {'center_x': 0.567854, 'center_y': 0.561075, 'width': 0.398171, 'height': 0.8332959999999999}, 'confidence': 0.7970689999999999}]"
41,data/Test/1040.jpg,"[{'class_id': 0, 'name': 'Bird', 'relative_coordinates': {'center_x': 0.514516, 'center_y': 0.5960679999999999, 'width': 0.5858369999999999, 'height': 0.680487}, 'confidence': 0.931414}]"
42,data/Test/1041.jpg,"[{'class_id': 0, 'name': 'Bird', 'relative_coordinates': {'center_x': 0.672863, 'center_y': 0.477805, 'width': 0.289696, 'height': 0.259305}, 'confidence': 0.830309}]"
43,data/Test/1042.jpg,"[{'class_id': 0, 'name': 'Bird', 'relative_coordinates': {'center_x': 0.651986, 'center_y': 0.556766, 'width': 0.424375, 'height': 0.573801}, 'confidence': 0.881861}]"
44,data/Test/1043.jpg,"[{'class_id': 0, 'name': 'Bird', 'relative_coordinates': {'center_x': 0.5834159999999999, 'center_y': 0.5061209999999999, 'width': 0.63795, 'height': 0.99271}, 'confidence': 0.976935}]"
45,data/Test/1044.jpg,"[{'class_id': 0, 'name': 'Bird', 'relative_coordinates': {'center_x': 0.501545, 'center_y': 0.575602, 'width': 0.851316, 'height': 0.740115}, 'confidence': 0.972954}]"
46,data/Test/1045.jpg,"[{'class_id': 0, 'name': 'Bird', 'relative_coordinates': {'center_x': 0.518895, 'center_y': 0.511037, 'width': 0.639805, 'height': 0.8561369999999999}, 'confidence': 0.8755529999999999}]"
47,data/Test/1046.jpg,"[{'class_id': 0, 'name': 'Bird', 'relative_coordinates': {'center_x': 0.5005809999999999, 'center_y': 0.425351, 'width': 0.41781399999999996, 'height': 0.611823}, 'confidence': 0.615243}]"
48,data/Test/1047.jpg,"[{'class_id': 0, 'name': 'Bird', 'relative_coordinates': {'center_x': 0.428029, 'center_y': 0.564518, 'width': 0.232818, 'height': 0.29889299999999996}, 'confidence': 0.651925}]"
49,data/Test/1048.jpg,"[{'class_id': 0, 'name': 'Bird', 'relative_coordinates': {'center_x': 0.4871, 'center_y': 0.561994, 'width': 0.5627489999999999, 'height': 0.971594}, 'confidence': 0.817492}]"
50,data/Test/1049.jpg,"[{'class_id': 0, 'name': 'Bird', 'relative_coordinates': {'center_x': 0.667211, 'center_y': 0.572375, 'width': 0.383883, 'height': 0.740842}, 'confidence': 0.972812}]"
51,data/Test/1050.jpg,"[{'class_id': 0, 'name': 'Bird', 'relative_coordinates': {'center_x': 0.5134879999999999, 'center_y': 0.524682, 'width': 0.7705369999999999, 'height': 0.925862}, 'confidence': 0.772559}]"
52,data/Test/1051.jpg,"[{'class_id': 0, 'name': 'Bird', 'relative_coordinates': {'center_x': 0.246717, 'center_y': 0.587867, 'width': 0.313907, 'height': 0.574275}, 'confidence': 0.771126}]"
53,data/Test/1052.jpg,"[{'class_id': 0, 'name': 'Bird', 'relative_coordinates': {'center_x': 0.5897, 'center_y': 0.520709, 'width': 0.476186, 'height': 0.762975}, 'confidence': 0.921036}]"
54,data/Test/1053.jpg,"[{'class_id': 0, 'name': 'Bird', 'relative_coordinates': {'center_x': 0.501509, 'center_y': 0.56718, 'width': 0.888447, 'height': 0.680967}, 'confidence': 0.8942439999999999}]"
55,data/Test/1054.jpg,"[{'class_id': 0, 'name': 'Bird', 'relative_coordinates': {'center_x': 0.582316, 'center_y': 0.56017, 'width': 0.6939219999999999, 'height': 0.384223}, 'confidence': 0.868234}]"
56,data/Test/1055.jpg,"[{'class_id': 0, 'name': 'Bird', 'relative_coordinates': {'center_x': 0.490766, 'center_y': 0.516413, 'width': 0.484245, 'height': 1.050558}, 'confidence': 0.973352}]"
57,data/Test/1056.jpg,"[{'class_id': 0, 'name': 'Bird', 'relative_coordinates': {'center_x': 0.516814, 'center_y': 0.566052, 'width': 0.30400099999999997, 'height': 0.456092}, 'confidence': 0.742157}]"
58,data/Test/1057.jpg,"[{'class_id': 0, 'name': 'Bird', 'relative_coordinates': {'center_x': 0.487307, 'center_y': 0.47646, 'width': 0.299328, 'height': 0.5086649999999999}, 'confidence': 0.74993}]"
59,data/Test/1058.jpg,"[{'class_id': 0, 'name': 'Bird', 'relative_coordinates': {'center_x': 0.470819, 'center_y': 0.501049, 'width': 0.21531899999999998, 'height': 0.7655219999999999}, 'confidence': 0.853228}]"
60,data/Test/1059.jpg,"[{'class_id': 0, 'name': 'Bird', 'relative_coordinates': {'center_x': 0.487189, 'center_y': 0.5809909999999999, 'width': 0.359022, 'height': 0.6769029999999999}, 'confidence': 0.45488399999999996}]"
61,data/Test/1060.jpg,"[{'class_id': 0, 'name': 'Bird', 'relative_coordinates': {'center_x': 0.42456299999999997, 'center_y': 0.526432, 'width': 0.40843199999999996, 'height': 0.9767659999999999}, 'confidence': 0.937496}]"
62,data/Test/1061.jpg,"[{'class_id': 0, 'name': 'Bird', 'relative_coordinates': {'center_x': 0.49580599999999997, 'center_y': 0.5669989999999999, 'width': 0.715375, 'height': 1.000898}, 'confidence': 0.935052}]"
63,data/Test/1062.jpg,"[{'class_id': 0, 'name': 'Bird', 'relative_coordinates': {'center_x': 0.503149, 'center_y': 0.439818, 'width': 0.251481, 'height': 0.297578}, 'confidence': 0.890362}]"
64,data/Test/1063.jpg,"[{'class_id': 0, 'name': 'Bird', 'relative_coordinates': {'center_x': 0.564078, 'center_y': 0.505439, 'width': 0.47409999999999997, 'height': 0.763081}, 'confidence': 0.8052199999999999}]"
65,data/Test/1064.jpg,"[{'class_id': 0, 'name': 'Bird', 'relative_coordinates': {'center_x': 0.585683, 'center_y': 0.488043, 'width': 0.610937, 'height': 0.59142}, 'confidence': 0.942774}]"
66,data/Test/1065.jpg,"[{'class_id': 0, 'name': 'Bird', 'relative_coordinates': {'center_x': 0.5770489999999999, 'center_y': 0.573479, 'width': 0.51498, 'height': 0.704931}, 'confidence': 0.91511}]"
67,data/Test/1066.jpg,"[{'class_id': 0, 'name': 'Bird', 'relative_coordinates': {'center_x': 0.510837, 'center_y': 0.508428, 'width': 0.538625, 'height': 0.896936}, 'confidence': 0.8671749999999999}]"
68,data/Test/1067.jpg,"[{'class_id': 0, 'name': 'Bird', 'relative_coordinates': {'center_x': 0.346642, 'center_y': 0.49629599999999996, 'width': 0.40301299999999995, 'height': 0.552608}, 'confidence': 0.46702899999999997}]"
69,data/Test/1068.jpg,"[{'class_id': 0, 'name': 'Bird', 'relative_coordinates': {'center_x': 0.271526, 'center_y': 0.508065, 'width': 0.343507, 'height': 0.591783}, 'confidence': 0.750419}]"
70,data/Test/1069.jpg,"[{'class_id': 0, 'name': 'Bird', 'relative_coordinates': {'center_x': 0.595339, 'center_y': 0.565893, 'width': 0.321451, 'height': 0.6207889999999999}, 'confidence': 0.750149}]"
71,data/Test/1070.jpg,"[{'class_id': 0, 'name': 'Bird', 'relative_coordinates': {'center_x': 0.41959599999999997, 'center_y': 0.595426, 'width': 0.571979, 'height': 0.8458439999999999}, 'confidence': 0.937079}]"
72,data/Test/1071.jpg,"[{'class_id': 0, 'name': 'Bird', 'relative_coordinates': {'center_x': 0.35672499999999996, 'center_y': 0.6311169999999999, 'width': 0.554993, 'height': 0.608691}, 'confidence': 0.771969}]"
73,data/Test/1072.jpg,"[{'class_id': 0, 'name': 'Bird', 'relative_coordinates': {'center_x': 0.520757, 'center_y': 0.5897049999999999, 'width': 0.370317, 'height': 0.5357339999999999}, 'confidence': 0.9493999999999999}]"
74,data/Test/1073.jpg,"[{'class_id': 0, 'name': 'Bird', 'relative_coordinates': {'center_x': 0.442077, 'center_y': 0.412738, 'width': 0.872552, 'height': 0.627626}, 'confidence': 0.640293}]"
75,data/Test/1074.jpg,"[{'class_id': 0, 'name': 'Bird', 'relative_coordinates': {'center_x': 0.522575, 'center_y': 0.498054, 'width': 0.7297049999999999, 'height': 0.722808}, 'confidence': 0.959456}]"
76,data/Test/1075.jpg,"[{'class_id': 0, 'name': 'Bird', 'relative_coordinates': {'center_x': 0.58046, 'center_y': 0.505459, 'width': 0.711482, 'height': 0.663773}, 'confidence': 0.965633}]"
77,data/Test/1076.jpg,"[{'class_id': 0, 'name': 'Bird', 'relative_coordinates': {'center_x': 0.639821, 'center_y': 0.602752, 'width': 0.46409, 'height': 0.6903039999999999}, 'confidence': 0.847151}]"
78,data/Test/1077.jpg,"[{'class_id': 0, 'name': 'Bird', 'relative_coordinates': {'center_x': 0.343595, 'center_y': 0.439615, 'width': 0.424761, 'height': 0.5853079999999999}, 'confidence': 0.910924}]"
79,data/Test/1078.jpg,"[{'class_id': 0, 'name': 'Bird', 'relative_coordinates': {'center_x': 0.43842, 'center_y': 0.51207, 'width': 0.27910399999999996, 'height': 0.554063}, 'confidence': 0.9564739999999999}]"
80,data/Test/1079.jpg,[]
81,data/Test/1080.jpg,"[{'class_id': 0, 'name': 'Bird', 'relative_coordinates': {'center_x': 0.428648, 'center_y': 0.570336, 'width': 0.635119, 'height': 0.831089}, 'confidence': 0.954828}]"
82,data/Test/1081.jpg,"[{'class_id': 0, 'name': 'Bird', 'relative_coordinates': {'center_x': 0.582855, 'center_y': 0.5741809999999999, 'width': 0.264853, 'height': 0.477811}, 'confidence': 0.9078799999999999}]"
83,data/Test/1082.jpg,"[{'class_id': 0, 'name': 'Bird', 'relative_coordinates': {'center_x': 0.5144989999999999, 'center_y': 0.5549459999999999, 'width': 0.31975699999999996, 'height': 0.632208}, 'confidence': 0.672026}]"
84,data/Test/1083.jpg,"[{'class_id': 0, 'name': 'Bird', 'relative_coordinates': {'center_x': 0.516348, 'center_y': 0.5689609999999999, 'width': 0.20016399999999998, 'height': 0.53283}, 'confidence': 0.919685}]"
85,data/Test/1084.jpg,"[{'class_id': 0, 'name': 'Bird', 'relative_coordinates': {'center_x': 0.3488, 'center_y': 0.577298, 'width': 0.454723, 'height': 0.49828}, 'confidence': 0.9406019999999999}]"
86,data/Test/1085.jpg,"[{'class_id': 0, 'name': 'Bird', 'relative_coordinates': {'center_x': 0.5209429999999999, 'center_y': 0.5176379999999999, 'width': 0.194187, 'height': 0.429863}, 'confidence': 0.5649959999999999}]"
87,data/Test/1086.jpg,"[{'class_id': 0, 'name': 'Bird', 'relative_coordinates': {'center_x': 0.580954, 'center_y': 0.507667, 'width': 0.46548599999999996, 'height': 0.49443899999999996}, 'confidence': 0.9525579999999999}]"
88,data/Test/1087.jpg,"[{'class_id': 0, 'name': 'Bird', 'relative_coordinates': {'center_x': 0.425708, 'center_y': 0.506787, 'width': 0.5137539999999999, 'height': 0.80834}, 'confidence': 0.819195}]"
89,data/Test/1088.jpg,"[{'class_id': 0, 'name': 'Bird', 'relative_coordinates': {'center_x': 0.50907, 'center_y': 0.566973, 'width': 0.6477229999999999, 'height': 0.749358}, 'confidence': 0.759463}]"
90,data/Test/1089.jpg,"[{'class_id': 0, 'name': 'Bird', 'relative_coordinates': {'center_x': 0.41915199999999997, 'center_y': 0.506899, 'width': 0.414562, 'height': 0.638162}, 'confidence': 0.9527869999999999}]"
91,data/Test/1090.jpg,"[{'class_id': 0, 'name': 'Bird', 'relative_coordinates': {'center_x': 0.504436, 'center_y': 0.581378, 'width': 0.553746, 'height': 0.7052029999999999}, 'confidence': 0.9405479999999999}]"
92,data/Test/1091.jpg,"[{'class_id': 0, 'name': 'Bird', 'relative_coordinates': {'center_x': 0.516706, 'center_y': 0.517738, 'width': 0.380766, 'height': 0.42810699999999996}, 'confidence': 0.698124}]"
93,data/Test/1092.jpg,"[{'class_id': 0, 'name': 'Bird', 'relative_coordinates': {'center_x': 0.716797, 'center_y': 0.5985269999999999, 'width': 0.239358, 'height': 0.402316}, 'confidence': 0.9242349999999999}]"
94,data/Test/1093.jpg,"[{'class_id': 0, 'name': 'Bird', 'relative_coordinates': {'center_x': 0.48767299999999997, 'center_y': 0.516405, 'width': 0.456015, 'height': 0.756084}, 'confidence': 0.803751}]"
95,data/Test/1094.jpg,"[{'class_id': 0, 'name': 'Bird', 'relative_coordinates': {'center_x': 0.41806699999999997, 'center_y': 0.5107889999999999, 'width': 0.246588, 'height': 0.755877}, 'confidence': 0.857522}]"
96,data/Test/1095.jpg,"[{'class_id': 0, 'name': 'Bird', 'relative_coordinates': {'center_x': 0.485209, 'center_y': 0.49059899999999995, 'width': 0.768191, 'height': 0.655399}, 'confidence': 0.9354889999999999}]"
97,data/Test/1096.jpg,"[{'class_id': 0, 'name': 'Bird', 'relative_coordinates': {'center_x': 0.5141129999999999, 'center_y': 0.5162329999999999, 'width': 0.477553, 'height': 0.509521}, 'confidence': 0.9062479999999999}]"
98,data/Test/1097.jpg,"[{'class_id': 0, 'name': 'Bird', 'relative_coordinates': {'center_x': 0.442251, 'center_y': 0.523303, 'width': 0.49018799999999996, 'height': 0.716347}, 'confidence': 0.866899}]"
99,data/Test/1098.jpg,"[{'class_id': 0, 'name': 'Bird', 'relative_coordinates': {'center_x': 0.523512, 'center_y': 0.48058599999999996, 'width': 0.792349, 'height': 0.5436719999999999}, 'confidence': 0.767013}]"
100,data/Test/1099.jpg,"[{'class_id': 0, 'name': 'Bird', 'relative_coordinates': {'center_x': 0.271897, 'center_y': 0.504863, 'width': 0.337547, 'height': 0.7456849999999999}, 'confidence': 0.78018}]"
101,data/Test/1100.jpg,"[{'class_id': 0, 'name': 'Bird', 'relative_coordinates': {'center_x': 0.519245, 'center_y': 0.632641, 'width': 0.7666379999999999, 'height': 0.665794}, 'confidence': 0.8814909999999999}]"
102,data/Test/1101.jpg,"[{'class_id': 0, 'name': 'Bird', 'relative_coordinates': {'center_x': 0.489357, 'center_y': 0.566024, 'width': 0.269731, 'height': 0.785326}, 'confidence': 0.629908}]"
103,data/Test/1102.jpg,[]
104,data/Test/1103.jpg,"[{'class_id': 0, 'name': 'Bird', 'relative_coordinates': {'center_x': 0.276516, 'center_y': 0.514577, 'width': 0.433286, 'height': 0.837424}, 'confidence': 0.7260369999999999}]"
105,data/Test/1104.jpg,"[{'class_id': 0, 'name': 'Bird', 'relative_coordinates': {'center_x': 0.35482199999999997, 'center_y': 0.364699, 'width': 0.279638, 'height': 0.342145}, 'confidence': 0.9544619999999999}, {'class_id': 0, 'name': 'Bird', 'relative_coordinates': {'center_x': 0.35629, 'center_y': 0.363737, 'width': 0.455789, 'height': 0.46874099999999996}, 'confidence': 0.5661769999999999}]"
106,data/Test/1105.jpg,"[{'class_id': 0, 'name': 'Bird', 'relative_coordinates': {'center_x': 0.643254, 'center_y': 0.501317, 'width': 0.6395989999999999, 'height': 0.7440249999999999}, 'confidence': 0.9500339999999999}]"
107,data/Test/1106.jpg,"[{'class_id': 0, 'name': 'Bird', 'relative_coordinates': {'center_x': 0.497212, 'center_y': 0.512266, 'width': 0.728896, 'height': 0.991342}, 'confidence': 0.953738}]"
108,data/Test/1107.jpg,"[{'class_id': 0, 'name': 'Bird', 'relative_coordinates': {'center_x': 0.364712, 'center_y': 0.28599399999999997, 'width': 0.21773199999999998, 'height': 0.322139}, 'confidence': 0.810252}]"
109,data/Test/1108.jpg,"[{'class_id': 0, 'name': 'Bird', 'relative_coordinates': {'center_x': 0.440266, 'center_y': 0.578544, 'width': 0.764539, 'height': 0.576826}, 'confidence': 0.914273}]"
110,data/Test/1109.jpg,"[{'class_id': 0, 'name': 'Bird', 'relative_coordinates': {'center_x': 0.60191, 'center_y': 0.486145, 'width': 0.254567, 'height': 0.720085}, 'confidence': 0.800009}]"
111,data/Test/1110.jpg,"[{'class_id': 0, 'name': 'Bird', 'relative_coordinates': {'center_x': 0.576519, 'center_y': 0.5199389999999999, 'width': 0.508441, 'height': 0.428255}, 'confidence': 0.538414}]"
112,data/Test/1111.jpg,"[{'class_id': 0, 'name': 'Bird', 'relative_coordinates': {'center_x': 0.646127, 'center_y': 0.405673, 'width': 0.28659999999999997, 'height': 0.460625}, 'confidence': 0.933639}]"
113,data/Test/1112.jpg,"[{'class_id': 0, 'name': 'Bird', 'relative_coordinates': {'center_x': 0.506845, 'center_y': 0.47926599999999997, 'width': 0.320938, 'height': 0.480168}, 'confidence': 0.694507}]"
114,data/Test/1113.jpg,"[{'class_id': 0, 'name': 'Bird', 'relative_coordinates': {'center_x': 0.517027, 'center_y': 0.5724819999999999, 'width': 0.633201, 'height': 0.671209}, 'confidence': 0.77137}]"
115,data/Test/1114.jpg,"[{'class_id': 0, 'name': 'Bird', 'relative_coordinates': {'center_x': 0.506297, 'center_y': 0.506203, 'width': 0.717109, 'height': 0.735893}, 'confidence': 0.837523}]"
116,data/Test/1115.jpg,[]
117,data/Test/1116.jpg,"[{'class_id': 0, 'name': 'Bird', 'relative_coordinates': {'center_x': 0.6768379999999999, 'center_y': 0.5871689999999999, 'width': 0.220085, 'height': 0.306803}, 'confidence': 0.6520239999999999}]"
118,data/Test/1117.jpg,"[{'class_id': 0, 'name': 'Bird', 'relative_coordinates': {'center_x': 0.41007899999999997, 'center_y': 0.59009, 'width': 0.537536, 'height': 0.719047}, 'confidence': 0.777841}]"
119,data/Test/1118.jpg,"[{'class_id': 0, 'name': 'Bird', 'relative_coordinates': {'center_x': 0.498745, 'center_y': 0.5220049999999999, 'width': 0.35726199999999997, 'height': 0.8921969999999999}, 'confidence': 0.887589}]"
120,data/Test/1119.jpg,"[{'class_id': 0, 'name': 'Bird', 'relative_coordinates': {'center_x': 0.440903, 'center_y': 0.591552, 'width': 0.389897, 'height': 0.8064009999999999}, 'confidence': 0.829561}]"
121,data/Test/1120.jpg,"[{'class_id': 0, 'name': 'Bird', 'relative_coordinates': {'center_x': 0.65226, 'center_y': 0.490373, 'width': 0.608161, 'height': 0.872266}, 'confidence': 0.8447}]"
122,data/Test/1121.jpg,[]
123,data/Test/1122.jpg,"[{'class_id': 0, 'name': 'Bird', 'relative_coordinates': {'center_x': 0.512711, 'center_y': 0.403124, 'width': 0.562692, 'height': 0.596272}, 'confidence': 0.730111}]"
124,data/Test/1123.jpg,"[{'class_id': 0, 'name': 'Bird', 'relative_coordinates': {'center_x': 0.503526, 'center_y': 0.5664669999999999, 'width': 0.5361429999999999, 'height': 0.484407}, 'confidence': 0.707357}]"
125,data/Test/1124.jpg,"[{'class_id': 0, 'name': 'Bird', 'relative_coordinates': {'center_x': 0.517627, 'center_y': 0.553453, 'width': 0.671771, 'height': 0.585181}, 'confidence': 0.8341299999999999}]"
126,data/Test/1125.jpg,"[{'class_id': 0, 'name': 'Bird', 'relative_coordinates': {'center_x': 0.496069, 'center_y': 0.48677899999999996, 'width': 0.38448899999999997, 'height': 0.39616999999999997}, 'confidence': 0.58053}]"
127,data/Test/1126.jpg,"[{'class_id': 0, 'name': 'Bird', 'relative_coordinates': {'center_x': 0.593897, 'center_y': 0.512478, 'width': 0.42557999999999996, 'height': 0.43530199999999997}, 'confidence': 0.6191749999999999}]"
128,data/Test/1127.jpg,"[{'class_id': 0, 'name': 'Bird', 'relative_coordinates': {'center_x': 0.5050899999999999, 'center_y': 0.502748, 'width': 0.6792699999999999, 'height': 0.712182}, 'confidence': 0.961741}]"
129,data/Test/1128.jpg,"[{'class_id': 0, 'name': 'Bird', 'relative_coordinates': {'center_x': 0.523089, 'center_y': 0.491675, 'width': 0.26512399999999997, 'height': 1.013703}, 'confidence': 0.8852679999999999}]"
130,data/Test/1129.jpg,"[{'class_id': 0, 'name': 'Bird', 'relative_coordinates': {'center_x': 0.370187, 'center_y': 0.514975, 'width': 0.568593, 'height': 0.8195819999999999}, 'confidence': 0.864455}]"
131,data/Test/1130.jpg,"[{'class_id': 0, 'name': 'Bird', 'relative_coordinates': {'center_x': 0.334429, 'center_y': 0.491695, 'width': 0.45422599999999996, 'height': 0.7270289999999999}, 'confidence': 0.887753}]"
132,data/Test/1131.jpg,"[{'class_id': 0, 'name': 'Bird', 'relative_coordinates': {'center_x': 0.659778, 'center_y': 0.5610499999999999, 'width': 0.598229, 'height': 0.835818}, 'confidence': 0.692373}]"
133,data/Test/1132.jpg,"[{'class_id': 0, 'name': 'Bird', 'relative_coordinates': {'center_x': 0.551091, 'center_y': 0.440822, 'width': 0.263918, 'height': 0.271181}, 'confidence': 0.7828309999999999}]"
134,data/Test/1133.jpg,"[{'class_id': 0, 'name': 'Bird', 'relative_coordinates': {'center_x': 0.434276, 'center_y': 0.512686, 'width': 0.32412799999999997, 'height': 0.392576}, 'confidence': 0.8662679999999999}]"
135,data/Test/1134.jpg,"[{'class_id': 0, 'name': 'Bird', 'relative_coordinates': {'center_x': 0.519849, 'center_y': 0.559631, 'width': 0.369876, 'height': 0.589564}, 'confidence': 0.868953}]"
136,data/Test/1135.jpg,[]
137,data/Test/1136.jpg,"[{'class_id': 0, 'name': 'Bird', 'relative_coordinates': {'center_x': 0.414331, 'center_y': 0.5203679999999999, 'width': 0.7878809999999999, 'height': 0.89016}, 'confidence': 0.914972}]"
138,data/Test/1137.jpg,[]
139,data/Test/1138.jpg,"[{'class_id': 0, 'name': 'Bird', 'relative_coordinates': {'center_x': 0.520554, 'center_y': 0.585301, 'width': 0.354306, 'height': 0.641799}, 'confidence': 0.8872009999999999}]"
140,data/Test/1139.jpg,"[{'class_id': 0, 'name': 'Bird', 'relative_coordinates': {'center_x': 0.350371, 'center_y': 0.50463, 'width': 0.716198, 'height': 0.7576189999999999}, 'confidence': 0.70631}]"
141,data/Test/1140.jpg,"[{'class_id': 0, 'name': 'Bird', 'relative_coordinates': {'center_x': 0.606515, 'center_y': 0.255193, 'width': 0.287964, 'height': 0.29873}, 'confidence': 0.7869849999999999}]"
142,data/Test/1141.jpg,"[{'class_id': 0, 'name': 'Bird', 'relative_coordinates': {'center_x': 0.51917, 'center_y': 0.5680499999999999, 'width': 0.31854099999999996, 'height': 0.7782629999999999}, 'confidence': 0.619514}]"
143,data/Test/1142.jpg,"[{'class_id': 0, 'name': 'Bird', 'relative_coordinates': {'center_x': 0.566516, 'center_y': 0.5774079999999999, 'width': 0.468865, 'height': 0.510555}, 'confidence': 0.7366039999999999}]"
144,data/Test/1143.jpg,"[{'class_id': 0, 'name': 'Bird', 'relative_coordinates': {'center_x': 0.500231, 'center_y': 0.579376, 'width': 0.8104859999999999, 'height': 1.013826}, 'confidence': 0.506763}]"
145,data/Test/1144.jpg,[]
146,data/Test/1145.jpg,"[{'class_id': 0, 'name': 'Bird', 'relative_coordinates': {'center_x': 0.56894, 'center_y': 0.505933, 'width': 0.274468, 'height': 0.640289}, 'confidence': 0.40027599999999997}]"
147,data/Test/1146.jpg,"[{'class_id': 0, 'name': 'Bird', 'relative_coordinates': {'center_x': 0.601441, 'center_y': 0.521443, 'width': 0.375322, 'height': 0.7172689999999999}, 'confidence': 0.8103549999999999}]"
148,data/Test/1147.jpg,"[{'class_id': 0, 'name': 'Bird', 'relative_coordinates': {'center_x': 0.510134, 'center_y': 0.594972, 'width': 0.333868, 'height': 0.729502}, 'confidence': 0.572882}]"
149,data/Test/1148.jpg,"[{'class_id': 0, 'name': 'Bird', 'relative_coordinates': {'center_x': 0.49199099999999996, 'center_y': 0.586251, 'width': 0.30015, 'height': 0.561581}, 'confidence': 0.67021}]"
150,data/Test/1149.jpg,"[{'class_id': 0, 'name': 'Bird', 'relative_coordinates': {'center_x': 0.5735279999999999, 'center_y': 0.56363, 'width': 0.705108, 'height': 0.789501}, 'confidence': 0.926496}]"
151,data/Test/1150.jpg,"[{'class_id': 0, 'name': 'Bird', 'relative_coordinates': {'center_x': 0.254007, 'center_y': 0.522621, 'width': 0.32875, 'height': 0.32247899999999996}, 'confidence': 0.8382379999999999}]"
152,data/Test/1151.jpg,"[{'class_id': 0, 'name': 'Bird', 'relative_coordinates': {'center_x': 0.638409, 'center_y': 0.647563, 'width': 0.312525, 'height': 0.631935}, 'confidence': 0.796603}]"
153,data/Test/1152.jpg,"[{'class_id': 0, 'name': 'Bird', 'relative_coordinates': {'center_x': 0.440615, 'center_y': 0.507343, 'width': 0.244589, 'height': 0.8638589999999999}, 'confidence': 0.798117}]"
154,data/Test/1153.jpg,"[{'class_id': 0, 'name': 'Bird', 'relative_coordinates': {'center_x': 0.5046189999999999, 'center_y': 0.522515, 'width': 0.36256299999999997, 'height': 0.940549}, 'confidence': 0.933576}]"
155,data/Test/1154.jpg,"[{'class_id': 0, 'name': 'Bird', 'relative_coordinates': {'center_x': 0.414591, 'center_y': 0.553005, 'width': 0.51391, 'height': 0.884605}, 'confidence': 0.6802429999999999}]"
156,data/Test/1155.jpg,"[{'class_id': 0, 'name': 'Bird', 'relative_coordinates': {'center_x': 0.580333, 'center_y': 0.593595, 'width': 0.691009, 'height': 0.830695}, 'confidence': 0.7938799999999999}]"
157,data/Test/1156.jpg,"[{'class_id': 0, 'name': 'Bird', 'relative_coordinates': {'center_x': 0.42843, 'center_y': 0.55337, 'width': 0.751122, 'height': 0.6803199999999999}, 'confidence': 0.933897}]"
158,data/Test/1157.jpg,"[{'class_id': 0, 'name': 'Bird', 'relative_coordinates': {'center_x': 0.525276, 'center_y': 0.5251899999999999, 'width': 0.374743, 'height': 0.302686}, 'confidence': 0.720513}]"
159,data/Test/1158.jpg,"[{'class_id': 0, 'name': 'Bird', 'relative_coordinates': {'center_x': 0.405838, 'center_y': 0.485095, 'width': 0.265438, 'height': 0.382607}, 'confidence': 0.872263}]"
160,data/Test/1159.jpg,"[{'class_id': 0, 'name': 'Bird', 'relative_coordinates': {'center_x': 0.44340999999999997, 'center_y': 0.50086, 'width': 0.28215599999999996, 'height': 0.667737}, 'confidence': 0.750969}]"
161,data/Test/1160.jpg,"[{'class_id': 0, 'name': 'Bird', 'relative_coordinates': {'center_x': 0.442666, 'center_y': 0.493593, 'width': 0.303731, 'height': 0.42432699999999995}, 'confidence': 0.928734}]"
162,data/Test/1161.jpg,"[{'class_id': 0, 'name': 'Bird', 'relative_coordinates': {'center_x': 0.333898, 'center_y': 0.514817, 'width': 0.33602699999999996, 'height': 0.847827}, 'confidence': 0.9078809999999999}]"
163,data/Test/1162.jpg,"[{'class_id': 0, 'name': 'Bird', 'relative_coordinates': {'center_x': 0.50911, 'center_y': 0.504394, 'width': 0.333422, 'height': 0.431424}, 'confidence': 0.738316}]"
164,data/Test/1163.jpg,"[{'class_id': 0, 'name': 'Bird', 'relative_coordinates': {'center_x': 0.442038, 'center_y': 0.508605, 'width': 0.626414, 'height': 1.033871}, 'confidence': 0.981189}]"
165,data/Test/1164.jpg,"[{'class_id': 0, 'name': 'Bird', 'relative_coordinates': {'center_x': 0.4934, 'center_y': 0.5031169999999999, 'width': 0.714152, 'height': 0.833688}, 'confidence': 0.96563}]"
166,data/Test/1165.jpg,"[{'class_id': 0, 'name': 'Bird', 'relative_coordinates': {'center_x': 0.427112, 'center_y': 0.515802, 'width': 0.932927, 'height': 0.615497}, 'confidence': 0.674889}]"
167,data/Test/1166.jpg,"[{'class_id': 0, 'name': 'Bird', 'relative_coordinates': {'center_x': 0.288536, 'center_y': 0.560654, 'width': 0.414267, 'height': 0.8214469999999999}, 'confidence': 0.7548549999999999}]"
168,data/Test/1167.jpg,"[{'class_id': 0, 'name': 'Bird', 'relative_coordinates': {'center_x': 0.521098, 'center_y': 0.49835999999999997, 'width': 0.582927, 'height': 0.5648299999999999}, 'confidence': 0.878544}]"
169,data/Test/1168.jpg,"[{'class_id': 0, 'name': 'Bird', 'relative_coordinates': {'center_x': 0.52711, 'center_y': 0.474371, 'width': 0.310624, 'height': 0.309236}, 'confidence': 0.711403}]"
170,data/Test/1169.jpg,"[{'class_id': 0, 'name': 'Bird', 'relative_coordinates': {'center_x': 0.424128, 'center_y': 0.557773, 'width': 0.6924739999999999, 'height': 0.6458699999999999}, 'confidence': 0.75978}]"
171,data/Test/1170.jpg,"[{'class_id': 0, 'name': 'Bird', 'relative_coordinates': {'center_x': 0.569072, 'center_y': 0.503271, 'width': 0.548708, 'height': 0.7241059999999999}, 'confidence': 0.970529}]"
172,data/Test/1171.jpg,"[{'class_id': 0, 'name': 'Bird', 'relative_coordinates': {'center_x': 0.438473, 'center_y': 0.521367, 'width': 0.49898899999999996, 'height': 0.949735}, 'confidence': 0.88666}]"
173,data/Test/1172.jpg,"[{'class_id': 0, 'name': 'Bird', 'relative_coordinates': {'center_x': 0.503916, 'center_y': 0.5605629999999999, 'width': 0.35991399999999996, 'height': 0.755404}, 'confidence': 0.6399119999999999}]"
174,data/Test/1173.jpg,"[{'class_id': 0, 'name': 'Bird', 'relative_coordinates': {'center_x': 0.5081019999999999, 'center_y': 0.5167349999999999, 'width': 0.40814, 'height': 0.6861149999999999}, 'confidence': 0.9411649999999999}]"
175,data/Test/1174.jpg,"[{'class_id': 0, 'name': 'Bird', 'relative_coordinates': {'center_x': 0.487691, 'center_y': 0.56028, 'width': 0.7258089999999999, 'height': 0.8658239999999999}, 'confidence': 0.903531}]"
176,data/Test/1175.jpg,"[{'class_id': 0, 'name': 'Bird', 'relative_coordinates': {'center_x': 0.568162, 'center_y': 0.512725, 'width': 0.5674899999999999, 'height': 0.7036279999999999}, 'confidence': 0.932905}]"
177,data/Test/1176.jpg,"[{'class_id': 0, 'name': 'Bird', 'relative_coordinates': {'center_x': 0.575313, 'center_y': 0.49913799999999997, 'width': 0.503309, 'height': 0.669368}, 'confidence': 0.870622}]"
178,data/Test/1177.jpg,"[{'class_id': 0, 'name': 'Bird', 'relative_coordinates': {'center_x': 0.47729699999999997, 'center_y': 0.49132, 'width': 0.303513, 'height': 0.561445}, 'confidence': 0.746664}]"
179,data/Test/1178.jpg,"[{'class_id': 0, 'name': 'Bird', 'relative_coordinates': {'center_x': 0.5149929999999999, 'center_y': 0.49976, 'width': 0.7802479999999999, 'height': 0.700927}, 'confidence': 0.835202}]"
180,data/Test/1179.jpg,"[{'class_id': 0, 'name': 'Bird', 'relative_coordinates': {'center_x': 0.42427699999999996, 'center_y': 0.494295, 'width': 0.906017, 'height': 0.543284}, 'confidence': 0.6090329999999999}]"
181,data/Test/1180.jpg,"[{'class_id': 0, 'name': 'Bird', 'relative_coordinates': {'center_x': 0.563589, 'center_y': 0.564935, 'width': 0.33903, 'height': 0.36205899999999996}, 'confidence': 0.726568}]"
182,data/Test/1181.jpg,"[{'class_id': 0, 'name': 'Bird', 'relative_coordinates': {'center_x': 0.584867, 'center_y': 0.566373, 'width': 0.649045, 'height': 0.829295}, 'confidence': 0.8136059999999999}]"
183,data/Test/1182.jpg,"[{'class_id': 0, 'name': 'Bird', 'relative_coordinates': {'center_x': 0.5814039999999999, 'center_y': 0.559348, 'width': 0.710247, 'height': 0.635473}, 'confidence': 0.801597}]"
184,data/Test/1183.jpg,[]
185,data/Test/1184.jpg,"[{'class_id': 0, 'name': 'Bird', 'relative_coordinates': {'center_x': 0.363707, 'center_y': 0.517456, 'width': 0.678322, 'height': 0.697977}, 'confidence': 0.69687}]"
186,data/Test/1185.jpg,"[{'class_id': 0, 'name': 'Bird', 'relative_coordinates': {'center_x': 0.370616, 'center_y': 0.52004, 'width': 0.37668599999999997, 'height': 0.46460399999999996}, 'confidence': 0.790341}]"
187,data/Test/1186.jpg,"[{'class_id': 0, 'name': 'Bird', 'relative_coordinates': {'center_x': 0.501174, 'center_y': 0.438867, 'width': 0.336345, 'height': 0.761025}, 'confidence': 0.8923369999999999}]"
188,data/Test/1187.jpg,"[{'class_id': 0, 'name': 'Bird', 'relative_coordinates': {'center_x': 0.343207, 'center_y': 0.548863, 'width': 0.52016, 'height': 0.960175}, 'confidence': 0.7017359999999999}]"
189,data/Test/1188.jpg,"[{'class_id': 0, 'name': 'Bird', 'relative_coordinates': {'center_x': 0.48273299999999997, 'center_y': 0.484301, 'width': 0.5624709999999999, 'height': 0.38023799999999996}, 'confidence': 0.7520509999999999}]"
190,data/Test/1189.jpg,"[{'class_id': 0, 'name': 'Bird', 'relative_coordinates': {'center_x': 0.634837, 'center_y': 0.523102, 'width': 0.320302, 'height': 0.29526399999999997}, 'confidence': 0.78148}]"
191,data/Test/1190.jpg,"[{'class_id': 0, 'name': 'Bird', 'relative_coordinates': {'center_x': 0.566171, 'center_y': 0.49756999999999996, 'width': 0.5306219999999999, 'height': 0.73337}, 'confidence': 0.922677}]"
192,data/Test/1191.jpg,"[{'class_id': 0, 'name': 'Bird', 'relative_coordinates': {'center_x': 0.504769, 'center_y': 0.500147, 'width': 0.631192, 'height': 0.785469}, 'confidence': 0.676824}]"
193,data/Test/1192.jpg,"[{'class_id': 0, 'name': 'Bird', 'relative_coordinates': {'center_x': 0.398196, 'center_y': 0.322558, 'width': 0.322079, 'height': 0.40362699999999996}, 'confidence': 0.7797759999999999}]"
194,data/Test/1193.jpg,"[{'class_id': 0, 'name': 'Bird', 'relative_coordinates': {'center_x': 0.5045029999999999, 'center_y': 0.431133, 'width': 0.495185, 'height': 0.577576}, 'confidence': 0.9229539999999999}]"
195,data/Test/1194.jpg,"[{'class_id': 0, 'name': 'Bird', 'relative_coordinates': {'center_x': 0.43502599999999997, 'center_y': 0.578263, 'width': 0.305824, 'height': 0.43923399999999996}, 'confidence': 0.45206799999999997}]"
196,data/Test/1195.jpg,"[{'class_id': 0, 'name': 'Bird', 'relative_coordinates': {'center_x': 0.34998999999999997, 'center_y': 0.6019209999999999, 'width': 0.285475, 'height': 0.26727999999999996}, 'confidence': 0.599163}]"
197,data/Test/1196.jpg,[]
198,data/Test/1197.jpg,"[{'class_id': 0, 'name': 'Bird', 'relative_coordinates': {'center_x': 0.267324, 'center_y': 0.5112169999999999, 'width': 0.249131, 'height': 0.40054799999999996}, 'confidence': 0.940615}]"
199,data/Test/1198.jpg,"[{'class_id': 0, 'name': 'Bird', 'relative_coordinates': {'center_x': 0.424597, 'center_y': 0.47897199999999995, 'width': 0.253363, 'height': 0.374454}, 'confidence': 0.741402}]"
200,data/Test/1199.jpg,"[{'class_id': 0, 'name': 'Bird', 'relative_coordinates': {'center_x': 0.508983, 'center_y': 0.570079, 'width': 0.494405, 'height': 0.490824}, 'confidence': 0.6126699999999999}]"
201,data/Test/1200.jpg,"[{'class_id': 0, 'name': 'Bird', 'relative_coordinates': {'center_x': 0.41189699999999996, 'center_y': 0.6399969999999999, 'width': 0.63922, 'height': 0.726127}, 'confidence': 0.723563}]"
202,data/Test/1201.jpg,"[{'class_id': 0, 'name': 'Bird', 'relative_coordinates': {'center_x': 0.428797, 'center_y': 0.5666829999999999, 'width': 0.6443409999999999, 'height': 0.696678}, 'confidence': 0.6243}]"
203,data/Test/1202.jpg,"[{'class_id': 0, 'name': 'Bird', 'relative_coordinates': {'center_x': 0.429886, 'center_y': 0.510926, 'width': 0.605711, 'height': 0.864552}, 'confidence': 0.954425}]"
204,data/Test/1203.jpg,"[{'class_id': 0, 'name': 'Bird', 'relative_coordinates': {'center_x': 0.511899, 'center_y': 0.506761, 'width': 0.460319, 'height': 0.7602709999999999}, 'confidence': 0.703599}]"
205,data/Test/1204.jpg,"[{'class_id': 0, 'name': 'Bird', 'relative_coordinates': {'center_x': 0.602189, 'center_y': 0.5533009999999999, 'width': 0.459011, 'height': 0.5217579999999999}, 'confidence': 0.8097249999999999}]"
206,data/Test/1205.jpg,"[{'class_id': 0, 'name': 'Bird', 'relative_coordinates': {'center_x': 0.50571, 'center_y': 0.504205, 'width': 0.775778, 'height': 0.9130959999999999}, 'confidence': 0.979402}]"
207,data/Test/1206.jpg,"[{'class_id': 0, 'name': 'Bird', 'relative_coordinates': {'center_x': 0.674051, 'center_y': 0.485045, 'width': 0.24165899999999998, 'height': 0.34768899999999997}, 'confidence': 0.648416}]"
208,data/Test/1207.jpg,"[{'class_id': 0, 'name': 'Bird', 'relative_coordinates': {'center_x': 0.637478, 'center_y': 0.43677499999999997, 'width': 0.358106, 'height': 0.49198699999999995}, 'confidence': 0.598522}]"
209,data/Test/1208.jpg,"[{'class_id': 0, 'name': 'Bird', 'relative_coordinates': {'center_x': 0.402912, 'center_y': 0.575236, 'width': 0.264903, 'height': 0.612904}, 'confidence': 0.700371}]"
210,data/Test/1209.jpg,"[{'class_id': 0, 'name': 'Bird', 'relative_coordinates': {'center_x': 0.42816099999999996, 'center_y': 0.448513, 'width': 0.506061, 'height': 0.716797}, 'confidence': 0.594684}]"
211,data/Test/1210.jpg,"[{'class_id': 0, 'name': 'Bird', 'relative_coordinates': {'center_x': 0.416132, 'center_y': 0.507339, 'width': 0.314546, 'height': 0.912214}, 'confidence': 0.634081}]"
212,data/Test/1211.jpg,"[{'class_id': 0, 'name': 'Bird', 'relative_coordinates': {'center_x': 0.510693, 'center_y': 0.5857129999999999, 'width': 0.329806, 'height': 0.710567}, 'confidence': 0.702894}]"
213,data/Test/1212.jpg,"[{'class_id': 0, 'name': 'Bird', 'relative_coordinates': {'center_x': 0.5127769999999999, 'center_y': 0.444559, 'width': 0.478045, 'height': 0.34678}, 'confidence': 0.751375}]"
214,data/Test/1213.jpg,"[{'class_id': 0, 'name': 'Bird', 'relative_coordinates': {'center_x': 0.48445, 'center_y': 0.5980829999999999, 'width': 0.38261799999999996, 'height': 0.39908899999999997}, 'confidence': 0.898582}]"
215,data/Test/1214.jpg,"[{'class_id': 0, 'name': 'Bird', 'relative_coordinates': {'center_x': 0.49960499999999997, 'center_y': 0.666654, 'width': 0.441585, 'height': 0.34854599999999997}, 'confidence': 0.8938039999999999}]"
216,data/Test/1215.jpg,[]
217,data/Test/1216.jpg,"[{'class_id': 0, 'name': 'Bird', 'relative_coordinates': {'center_x': 0.56477, 'center_y': 0.589814, 'width': 0.45729899999999996, 'height': 0.5294139999999999}, 'confidence': 0.6711539999999999}]"
218,data/Test/1217.jpg,"[{'class_id': 0, 'name': 'Bird', 'relative_coordinates': {'center_x': 0.503498, 'center_y': 0.49863999999999997, 'width': 0.534907, 'height': 0.911024}, 'confidence': 0.956135}]"
219,data/Test/1218.jpg,"[{'class_id': 0, 'name': 'Bird', 'relative_coordinates': {'center_x': 0.509926, 'center_y': 0.500153, 'width': 0.741744, 'height': 0.768071}, 'confidence': 0.956313}]"
220,data/Test/1219.jpg,"[{'class_id': 0, 'name': 'Bird', 'relative_coordinates': {'center_x': 0.410588, 'center_y': 0.499058, 'width': 0.511161, 'height': 0.6999259999999999}, 'confidence': 0.72917}]"
221,data/Test/1220.jpg,"[{'class_id': 0, 'name': 'Bird', 'relative_coordinates': {'center_x': 0.349691, 'center_y': 0.474139, 'width': 0.42943899999999996, 'height': 0.5930179999999999}, 'confidence': 0.936827}]"
222,data/Test/1221.jpg,"[{'class_id': 0, 'name': 'Bird', 'relative_coordinates': {'center_x': 0.41017299999999995, 'center_y': 0.555489, 'width': 0.657234, 'height': 0.621975}, 'confidence': 0.8824139999999999}]"
223,data/Test/1222.jpg,[]
224,data/Test/1223.jpg,"[{'class_id': 0, 'name': 'Bird', 'relative_coordinates': {'center_x': 0.4905, 'center_y': 0.49846399999999996, 'width': 0.541219, 'height': 0.560033}, 'confidence': 0.8227369999999999}]"
225,data/Test/1224.jpg,"[{'class_id': 0, 'name': 'Bird', 'relative_coordinates': {'center_x': 0.44059699999999996, 'center_y': 0.5603119999999999, 'width': 0.38272, 'height': 0.851003}, 'confidence': 0.830943}]"
226,data/Test/1225.jpg,[]
227,data/Test/1226.jpg,"[{'class_id': 0, 'name': 'Bird', 'relative_coordinates': {'center_x': 0.49360299999999996, 'center_y': 0.43341599999999997, 'width': 0.7102689999999999, 'height': 0.572287}, 'confidence': 0.89479}]"
228,data/Test/1227.jpg,"[{'class_id': 0, 'name': 'Bird', 'relative_coordinates': {'center_x': 0.326273, 'center_y': 0.513871, 'width': 0.2495, 'height': 0.8716119999999999}, 'confidence': 0.818881}]"
229,data/Test/1228.jpg,"[{'class_id': 0, 'name': 'Bird', 'relative_coordinates': {'center_x': 0.515042, 'center_y': 0.506006, 'width': 0.247881, 'height': 0.287557}, 'confidence': 0.9240889999999999}]"
230,data/Test/1229.jpg,"[{'class_id': 0, 'name': 'Bird', 'relative_coordinates': {'center_x': 0.6769, 'center_y': 0.507618, 'width': 0.30036599999999997, 'height': 0.8260379999999999}, 'confidence': 0.742454}]"
231,data/Test/1230.jpg,"[{'class_id': 0, 'name': 'Bird', 'relative_coordinates': {'center_x': 0.48373299999999997, 'center_y': 0.5771, 'width': 0.8980859999999999, 'height': 0.451268}, 'confidence': 0.8726609999999999}]"
232,data/Test/1231.jpg,"[{'class_id': 0, 'name': 'Bird', 'relative_coordinates': {'center_x': 0.6658729999999999, 'center_y': 0.48012699999999997, 'width': 0.406493, 'height': 0.584988}, 'confidence': 0.92299}]"
233,data/Test/1232.jpg,"[{'class_id': 0, 'name': 'Bird', 'relative_coordinates': {'center_x': 0.514649, 'center_y': 0.49013599999999996, 'width': 0.700197, 'height': 0.849061}, 'confidence': 0.9073899999999999}]"
234,data/Test/1233.jpg,"[{'class_id': 0, 'name': 'Bird', 'relative_coordinates': {'center_x': 0.640647, 'center_y': 0.5627599999999999, 'width': 0.562556, 'height': 0.7964209999999999}, 'confidence': 0.7797489999999999}]"
235,data/Test/1234.jpg,"[{'class_id': 0, 'name': 'Bird', 'relative_coordinates': {'center_x': 0.485127, 'center_y': 0.51557, 'width': 0.678801, 'height': 0.642504}, 'confidence': 0.922497}]"
236,data/Test/1235.jpg,"[{'class_id': 0, 'name': 'Bird', 'relative_coordinates': {'center_x': 0.451636, 'center_y': 0.42336399999999996, 'width': 0.22194, 'height': 0.294112}, 'confidence': 0.421006}]"
237,data/Test/1236.jpg,"[{'class_id': 0, 'name': 'Bird', 'relative_coordinates': {'center_x': 0.40935299999999997, 'center_y': 0.564511, 'width': 0.357643, 'height': 0.713638}, 'confidence': 0.906198}]"
238,data/Test/1237.jpg,"[{'class_id': 0, 'name': 'Bird', 'relative_coordinates': {'center_x': 0.584175, 'center_y': 0.51674, 'width': 0.7788309999999999, 'height': 0.888354}, 'confidence': 0.930094}]"
239,data/Test/1238.jpg,"[{'class_id': 0, 'name': 'Bird', 'relative_coordinates': {'center_x': 0.43616499999999997, 'center_y': 0.573462, 'width': 0.429652, 'height': 0.578863}, 'confidence': 0.75264}]"
240,data/Test/1239.jpg,"[{'class_id': 0, 'name': 'Bird', 'relative_coordinates': {'center_x': 0.47966, 'center_y': 0.583052, 'width': 0.434959, 'height': 0.445999}, 'confidence': 0.812168}]"
241,data/Test/1240.jpg,"[{'class_id': 0, 'name': 'Bird', 'relative_coordinates': {'center_x': 0.560528, 'center_y': 0.5810259999999999, 'width': 0.31495599999999996, 'height': 0.296863}, 'confidence': 0.907841}]"
242,data/Test/1241.jpg,"[{'class_id': 0, 'name': 'Bird', 'relative_coordinates': {'center_x': 0.563012, 'center_y': 0.5694699999999999, 'width': 0.42100499999999996, 'height': 0.788453}, 'confidence': 0.948936}]"
243,data/Test/1242.jpg,[]
244,data/Test/1243.jpg,"[{'class_id': 0, 'name': 'Bird', 'relative_coordinates': {'center_x': 0.511227, 'center_y': 0.646401, 'width': 0.89015, 'height': 0.718532}, 'confidence': 0.85466}]"
245,data/Test/1244.jpg,"[{'class_id': 0, 'name': 'Bird', 'relative_coordinates': {'center_x': 0.5811959999999999, 'center_y': 0.42313399999999995, 'width': 0.258963, 'height': 0.29675799999999997}, 'confidence': 0.7734479999999999}]"
246,data/Test/1245.jpg,"[{'class_id': 0, 'name': 'Bird', 'relative_coordinates': {'center_x': 0.42302399999999996, 'center_y': 0.49791399999999997, 'width': 0.690874, 'height': 0.822284}, 'confidence': 0.906489}]"
247,data/Test/1246.jpg,"[{'class_id': 0, 'name': 'Bird', 'relative_coordinates': {'center_x': 0.513327, 'center_y': 0.5862149999999999, 'width': 0.37238099999999996, 'height': 0.598032}, 'confidence': 0.801759}]"
248,data/Test/1247.jpg,"[{'class_id': 0, 'name': 'Bird', 'relative_coordinates': {'center_x': 0.440903, 'center_y': 0.55999, 'width': 0.90393, 'height': 0.8268639999999999}, 'confidence': 0.8683799999999999}]"
249,data/Test/1248.jpg,"[{'class_id': 0, 'name': 'Bird', 'relative_coordinates': {'center_x': 0.291564, 'center_y': 0.487888, 'width': 0.406794, 'height': 0.764594}, 'confidence': 0.906225}]"
250,data/Test/1249.jpg,"[{'class_id': 0, 'name': 'Bird', 'relative_coordinates': {'center_x': 0.6449659999999999, 'center_y': 0.397148, 'width': 0.332572, 'height': 0.31773399999999996}, 'confidence': 0.622935}]"
251,data/Test/1250.jpg,"[{'class_id': 0, 'name': 'Bird', 'relative_coordinates': {'center_x': 0.48725999999999997, 'center_y': 0.555905, 'width': 0.722394, 'height': 0.536625}, 'confidence': 0.8775459999999999}]"
252,data/Test/1251.jpg,"[{'class_id': 0, 'name': 'Bird', 'relative_coordinates': {'center_x': 0.34723299999999996, 'center_y': 0.59934, 'width': 0.43466699999999997, 'height': 0.214719}, 'confidence': 0.733321}]"
253,data/Test/1252.jpg,"[{'class_id': 0, 'name': 'Bird', 'relative_coordinates': {'center_x': 0.5132289999999999, 'center_y': 0.560877, 'width': 0.261109, 'height': 0.643454}, 'confidence': 0.935943}]"
254,data/Test/1253.jpg,[]
255,data/Test/1254.jpg,"[{'class_id': 0, 'name': 'Bird', 'relative_coordinates': {'center_x': 0.43792899999999996, 'center_y': 0.658724, 'width': 0.360813, 'height': 0.660281}, 'confidence': 0.95488}]"
256,data/Test/1255.jpg,"[{'class_id': 0, 'name': 'Bird', 'relative_coordinates': {'center_x': 0.577645, 'center_y': 0.632589, 'width': 0.49528, 'height': 0.54675}, 'confidence': 0.9668209999999999}]"
257,data/Test/1256.jpg,"[{'class_id': 0, 'name': 'Bird', 'relative_coordinates': {'center_x': 0.585904, 'center_y': 0.520015, 'width': 0.639269, 'height': 0.665434}, 'confidence': 0.8897849999999999}]"
258,data/Test/1257.jpg,"[{'class_id': 0, 'name': 'Bird', 'relative_coordinates': {'center_x': 0.428801, 'center_y': 0.557879, 'width': 0.752134, 'height': 0.588351}, 'confidence': 0.948946}]"
259,data/Test/1258.jpg,"[{'class_id': 0, 'name': 'Bird', 'relative_coordinates': {'center_x': 0.482191, 'center_y': 0.49793699999999996, 'width': 0.35716699999999996, 'height': 0.356632}, 'confidence': 0.7657879999999999}]"
260,data/Test/1259.jpg,[]
261,data/Test/1260.jpg,"[{'class_id': 0, 'name': 'Bird', 'relative_coordinates': {'center_x': 0.433646, 'center_y': 0.491639, 'width': 0.66798, 'height': 0.5593}, 'confidence': 0.887366}]"
262,data/Test/1261.jpg,"[{'class_id': 0, 'name': 'Bird', 'relative_coordinates': {'center_x': 0.40558099999999997, 'center_y': 0.350089, 'width': 0.40891099999999997, 'height': 0.457999}, 'confidence': 0.658926}]"
263,data/Test/1262.jpg,[]
264,data/Test/1263.jpg,"[{'class_id': 0, 'name': 'Bird', 'relative_coordinates': {'center_x': 0.6400509999999999, 'center_y': 0.557507, 'width': 0.26813, 'height': 0.44336}, 'confidence': 0.669592}]"
265,data/Test/1264.jpg,"[{'class_id': 0, 'name': 'Bird', 'relative_coordinates': {'center_x': 0.5122639999999999, 'center_y': 0.493367, 'width': 0.393211, 'height': 0.286155}, 'confidence': 0.9095799999999999}]"
266,data/Test/1265.jpg,"[{'class_id': 0, 'name': 'Bird', 'relative_coordinates': {'center_x': 0.49655099999999996, 'center_y': 0.500656, 'width': 0.273411, 'height': 0.6249399999999999}, 'confidence': 0.784949}]"
267,data/Test/1266.jpg,"[{'class_id': 0, 'name': 'Bird', 'relative_coordinates': {'center_x': 0.517228, 'center_y': 0.404641, 'width': 0.259199, 'height': 0.460951}, 'confidence': 0.6464949999999999}]"
268,data/Test/1267.jpg,[]
269,data/Test/1268.jpg,"[{'class_id': 0, 'name': 'Bird', 'relative_coordinates': {'center_x': 0.5146499999999999, 'center_y': 0.427475, 'width': 0.6882809999999999, 'height': 0.557406}, 'confidence': 0.852881}]"
270,data/Test/1269.jpg,"[{'class_id': 0, 'name': 'Bird', 'relative_coordinates': {'center_x': 0.501391, 'center_y': 0.49484399999999995, 'width': 0.6871499999999999, 'height': 0.74332}, 'confidence': 0.801824}]"
271,data/Test/1270.jpg,"[{'class_id': 0, 'name': 'Bird', 'relative_coordinates': {'center_x': 0.594491, 'center_y': 0.567793, 'width': 0.5026039999999999, 'height': 0.749054}, 'confidence': 0.9276359999999999}]"
272,data/Test/1271.jpg,"[{'class_id': 0, 'name': 'Bird', 'relative_coordinates': {'center_x': 0.51945, 'center_y': 0.571545, 'width': 0.331312, 'height': 0.65945}, 'confidence': 0.844735}]"
273,data/Test/1272.jpg,[]
274,data/Test/1273.jpg,[]
275,data/Test/1274.jpg,"[{'class_id': 0, 'name': 'Bird', 'relative_coordinates': {'center_x': 0.411502, 'center_y': 0.578719, 'width': 0.504953, 'height': 0.477985}, 'confidence': 0.885814}]"
276,data/Test/1275.jpg,"[{'class_id': 0, 'name': 'Bird', 'relative_coordinates': {'center_x': 0.43546799999999997, 'center_y': 0.506105, 'width': 0.567168, 'height': 0.630354}, 'confidence': 0.967152}]"
277,data/Test/1276.jpg,"[{'class_id': 0, 'name': 'Bird', 'relative_coordinates': {'center_x': 0.522744, 'center_y': 0.503554, 'width': 0.745915, 'height': 0.838753}, 'confidence': 0.9558719999999999}]"
278,data/Test/1277.jpg,"[{'class_id': 0, 'name': 'Bird', 'relative_coordinates': {'center_x': 0.364346, 'center_y': 0.577855, 'width': 0.361475, 'height': 0.5882959999999999}, 'confidence': 0.627746}]"
279,data/Test/1278.jpg,"[{'class_id': 0, 'name': 'Bird', 'relative_coordinates': {'center_x': 0.507559, 'center_y': 0.507302, 'width': 0.479863, 'height': 0.49822999999999995}, 'confidence': 0.5501309999999999}]"
280,data/Test/1279.jpg,"[{'class_id': 0, 'name': 'Bird', 'relative_coordinates': {'center_x': 0.5062679999999999, 'center_y': 0.555927, 'width': 0.478577, 'height': 0.874269}, 'confidence': 0.9253779999999999}]"
281,data/Test/1280.jpg,"[{'class_id': 0, 'name': 'Bird', 'relative_coordinates': {'center_x': 0.487969, 'center_y': 0.493386, 'width': 0.7208559999999999, 'height': 0.532473}, 'confidence': 0.931388}]"
282,data/Test/1281.jpg,"[{'class_id': 0, 'name': 'Bird', 'relative_coordinates': {'center_x': 0.572106, 'center_y': 0.648218, 'width': 0.5162249999999999, 'height': 0.442996}, 'confidence': 0.846996}]"
283,data/Test/1282.jpg,"[{'class_id': 0, 'name': 'Bird', 'relative_coordinates': {'center_x': 0.590511, 'center_y': 0.64534, 'width': 0.364651, 'height': 0.5286529999999999}, 'confidence': 0.8974439999999999}]"
284,data/Test/1283.jpg,"[{'class_id': 0, 'name': 'Bird', 'relative_coordinates': {'center_x': 0.490019, 'center_y': 0.49884799999999996, 'width': 0.48514599999999997, 'height': 0.530289}, 'confidence': 0.493268}]"
285,data/Test/1284.jpg,"[{'class_id': 0, 'name': 'Bird', 'relative_coordinates': {'center_x': 0.674615, 'center_y': 0.599291, 'width': 0.42449699999999996, 'height': 0.667337}, 'confidence': 0.9060119999999999}]"
286,data/Test/1285.jpg,"[{'class_id': 0, 'name': 'Bird', 'relative_coordinates': {'center_x': 0.520102, 'center_y': 0.49028, 'width': 0.251591, 'height': 0.48411899999999997}, 'confidence': 0.89182}]"
287,data/Test/1286.jpg,"[{'class_id': 0, 'name': 'Bird', 'relative_coordinates': {'center_x': 0.400702, 'center_y': 0.641535, 'width': 0.30277299999999996, 'height': 0.54819}, 'confidence': 0.76}]"
288,data/Test/1287.jpg,"[{'class_id': 0, 'name': 'Bird', 'relative_coordinates': {'center_x': 0.423286, 'center_y': 0.564356, 'width': 0.686275, 'height': 0.596131}, 'confidence': 0.929001}]"
289,data/Test/1288.jpg,"[{'class_id': 0, 'name': 'Bird', 'relative_coordinates': {'center_x': 0.408097, 'center_y': 0.36181199999999997, 'width': 0.311247, 'height': 0.350394}, 'confidence': 0.8707699999999999}]"
290,data/Test/1289.jpg,"[{'class_id': 0, 'name': 'Bird', 'relative_coordinates': {'center_x': 0.640933, 'center_y': 0.566993, 'width': 0.599179, 'height': 0.6604749999999999}, 'confidence': 0.9107719999999999}]"
291,data/Test/1290.jpg,"[{'class_id': 0, 'name': 'Bird', 'relative_coordinates': {'center_x': 0.497195, 'center_y': 0.415398, 'width': 0.873146, 'height': 0.50298}, 'confidence': 0.864798}]"
292,data/Test/1291.jpg,"[{'class_id': 0, 'name': 'Bird', 'relative_coordinates': {'center_x': 0.495803, 'center_y': 0.516508, 'width': 0.72969, 'height': 0.9933379999999999}, 'confidence': 0.9832219999999999}]"
293,data/Test/1292.jpg,"[{'class_id': 0, 'name': 'Bird', 'relative_coordinates': {'center_x': 0.556658, 'center_y': 0.499359, 'width': 0.232767, 'height': 0.830106}, 'confidence': 0.62002}]"
294,data/Test/1293.jpg,"[{'class_id': 0, 'name': 'Bird', 'relative_coordinates': {'center_x': 0.42548199999999997, 'center_y': 0.487404, 'width': 0.8657279999999999, 'height': 0.5723849999999999}, 'confidence': 0.908669}]"
295,data/Test/1294.jpg,"[{'class_id': 0, 'name': 'Bird', 'relative_coordinates': {'center_x': 0.41120199999999996, 'center_y': 0.48588, 'width': 0.467109, 'height': 0.522091}, 'confidence': 0.8967499999999999}]"
296,data/Test/1295.jpg,"[{'class_id': 0, 'name': 'Bird', 'relative_coordinates': {'center_x': 0.55921, 'center_y': 0.588384, 'width': 0.291382, 'height': 0.685574}, 'confidence': 0.950575}]"
297,data/Test/1296.jpg,"[{'class_id': 0, 'name': 'Bird', 'relative_coordinates': {'center_x': 0.446884, 'center_y': 0.473464, 'width': 0.284361, 'height': 0.33844199999999997}, 'confidence': 0.892327}]"
298,data/Test/1297.jpg,"[{'class_id': 0, 'name': 'Bird', 'relative_coordinates': {'center_x': 0.518469, 'center_y': 0.508744, 'width': 0.38515699999999997, 'height': 0.684759}, 'confidence': 0.934728}]"
299,data/Test/1298.jpg,"[{'class_id': 0, 'name': 'Bird', 'relative_coordinates': {'center_x': 0.40910799999999997, 'center_y': 0.49029399999999995, 'width': 0.645485, 'height': 0.965329}, 'confidence': 0.96441}]"
300,data/Test/1299.jpg,"[{'class_id': 0, 'name': 'Bird', 'relative_coordinates': {'center_x': 0.498308, 'center_y': 0.522009, 'width': 0.222909, 'height': 0.646968}, 'confidence': 0.648524}]"
